page_name,gender_streamer,age,country,num_followers,platform,streamed_game1,streamed_game2,streamed_game3,date_started,page_link,year_started
burg,male,18,Philippines,169022,Facebook,Valorant,Phasmophobia,Rust,2020-05-22,https://www.facebook.com/gaming/rsnburg,2020
Razzie Binx,male,-1,Philippines,797062,Facebook,Valorant,Mobile Legends,At Dead of Night,2015-02-28,https://www.facebook.com/gaming/RealRazzieBinx,2015
Ling2x,female,-1,Philippines,159088,Facebook,Valorant,APEX Legends,Call Of Duty: Warzone,2017-10-26,https://www.facebook.com/gaming/L1NG2X,2017
Juweljems,male,17,Philippines,7320,Facebook,Valorant,Phasmophobia,Among Us,2020-08-21,https://www.facebook.com/gaming/juweljems,2020
Diviny,female,-1,Philippines,32456,Facebook,Valorant,APEX Legends,Phasmophobia,2018-05-10,https://www.facebook.com/gaming/ddiviny,2018
Rammyb,male,19,Philippines,267,Facebook,Valorant,none,none,2020-10-23,https://www.facebook.com/gaming/rammybb,2020
KCky,female,-1,Philippines,36778,Facebook,Valorant,DOTA 2,Among Us,2019-06-25,https://www.facebook.com/gaming/KacelynWxC,2019
Old Noob Gaming,male,-1,Philippines,53764,Facebook,Valorant,Minecraft,Mobile Legends,2019-07-08,https://www.facebook.com/gaming/JRiseGaming,2019
Redg Gaming,female,-1,Philippines,626,Facebook,Valorant,none,none,2021-02-15,https://www.facebook.com/gaming/RedgTheGamer,2021
Fuoco TV,male,19,Philippines,1477,Facebook,Valorant,Gran Theft Auto V,none,2021-01-26,https://www.facebook.com/FuocoTV,2021
Daze,male,20,Philippines,234,Facebook,Valorant,Phasmophobia,none,2020-12-24,https://www.facebook.com/gaming/Daaazeee,2020
Jatskenesis,male,20,Philippines,148,Facebook,Valorant,Phasmophobia,Little Nightmares,2021-01-24,https://www.facebook.com/gaming/Jatskinesis,2021
Illoumanatee,male,21,Philippines,71,Facebook,Valorant,Mobile Legends,none,2021-01-30,https://www.facebook.com/gaming/illoumanatee,2021
Deeznuts Gaming,male,-1,Philippines,116,Facebook,Gran Theft Auto V,Call of Duty: Mobile,none,2021-01-03,https://www.facebook.com/gaming/DEEZNUTSGAMING16,2021
PrayDator,male,-1,Philippines,289,Facebook,Valorant,APEX Legends,Mobile Legends,2021-01-10,https://www.facebook.com/gaming/PrayDatorGaming,2021
Noctile,male,-1,Philippines,28274,Facebook,Valorant,APEX Legends,It takes two,2018-03-27,https://www.facebook.com/gaming/NoctileTV,2018
Sabs TV,male,-1,Philippines,500961,Facebook,Valorant,Among Us,Mobile Legends,2020-08-14,https://www.facebook.com/gaming/SabsTVofficial,2020
M&Ns Gaming,male,-1,Philippines,294,Facebook,APEX Legends,Genshin Impact,Valorant,2021-02-01,https://www.facebook.com/gaming/mnnsgaming,2021
amaratv,female,-1,Philippines,95239,Facebook,Valorant,APEX Legends,Resident Evil,2020-07-07,https://www.facebook.com/gaming/amaratvamara,2020
LiquidLuck Gaming,female,-1,Philippines,177,Facebook,Valorant,none,none,2021-04-16,https://www.facebook.com/gaming/LiquidLuckTV,2021
Eson Esports,male,-1,Philippines,45952,Facebook,Valorant,Mobile Legends,Outlast II,2019-01-03,https://www.facebook.com/gaming/eson.ml,2019
Borkum,male,-1,Philippines,10341,Facebook,Valorant,none,none,2020-07-09,https://www.facebook.com/gaming/BORKUMM,2020
FNCruzin,female,-1,Philippines,300,Facebook,Stardew Valley,Genshin Impact,Overwatch,2019-07-16,https://www.facebook.com/gaming/fncruzin,2019
Tweeya Gaming,female,-1,Philippines,15853,Facebook,Valorant,It takes Two,Crossfire,2019-02-10,https://www.facebook.com/gaming/tweeya,2019
ChrisM,male,-1,Philippines,8093,Facebook,Valorant,Call of Duty: Mobile,none,2020-03-21,https://www.facebook.com/ChrissM09/,2020
Chan Malapaz,male,-1,Philippines,22148,Facebook,Valorant,Fortnite,none,2019-01-22,https://www.facebook.com/gaming/chaanmanlapaz,2019
JhovanSanity,male,-1,Philippines,6299,Facebook,Valorant,Mobile Legends,none,2020-06-05,https://www.facebook.com/JhovanTV.Official/videos,2020
"Oscar ""Kakarot"" Farin Jr.",male,-1,Philippines,8446,Facebook,Valorant,CS:GO,none,2019-02-12,https://www.facebook.com/gaming/jepotkakarot,2019
Colmerainz,male,-1,Philippines,231033,Facebook,Valorant,PUBG Mobile ,Call Of Duty: Warzone,2020-06-02,https://www.facebook.com/gaming/col.me.rainz,2020
Bristopher,male,-1,Philippines,3330,Facebook,Valorant,Dark Souls,none,2020-08-08,https://www.facebook.com/watch/BristopherGG/,2020
Zen Gaming,male,-1,Philippines,140,Facebook,Valorant,none,none,2021-03-25,https://www.facebook.com/Zen.valorant/?ref=page_internal,2021
Martinie,female,-1,Philippines,633,Facebook,Valorant,Monster Hunter,none,2021-03-31,https://www.facebook.com/watch/martinieLIVE/,2021
JattisLive,male,-1,Philippines,52,Facebook,Valorant,APEX Legends,Call Of Duty: Warzone,2020-10-16,https://www.facebook.com/watch/jatt1slive/,2020
Ulfa,male,-1,Philippines,1100,Facebook,Valorant,Phasmophobia,Minecraft,2019-11-30,https://www.facebook.com/officialUlfa,2019
fusetv,male,-1,Philippines,243,Facebook,Valorant,Outlast II,CS:GO,2021-02-07,https://www.facebook.com/watch/fusetv.gg/,2021
Pizzaza,male,-1,Philippines,321,Facebook,Valorant,DOTA,OSU!,2020-12-31,https://www.facebook.com/watch/PizzazaPlays/,2020
Mehuehue,male,-1,Philippines,191,Facebook,Valorant,none,none,2021-01-19,https://www.facebook.com/watch/Mehuehue/,2021
SeannieeeV,male,-1,Philippines,682,Facebook,Valorant,Fortnite,Call Of Duty: Warzone,2020-07-16,https://www.facebook.com/watch/SeannieeeV/,2020
Mr cheng Gaming,male,-1,Philippines,1082,Facebook,DOTA 2,Genshin Impact,Terraria,2020-01-22,https://www.facebook.com/gaming/Mr-cheng-Gaming-110014043876480,2020
Chikito,male,-1,Philippines,955,Facebook,DOTA 2,NBA 2K21,none,2020-06-07,https://www.facebook.com/gaming/Chikito-100871194985162,2020
DonP,male,-1,Philippines,18530,Facebook,Valorant,Gran Theft Auto V,Mobile Legends,2020-10-01,https://www.facebook.com/gaming/DonP.Cholo,2020
Rainycorn Stampede,male,-1,Philippines,1165,Facebook,Valorant,Legue of Legends: Wild Rift,Tom Clancy's Rainbow Six Seige,2020-01-12,https://www.facebook.com/gaming/Rainycorn1228,2020
Jolidofc,male,-1,Philippines,31251,Facebook,Valorant,Call Of Duty: Warzone,Roblox,2020-06-04,https://www.facebook.com/gaming/Jolidofc,2020
Gkbaby,male,-1,Philippines,5307,Facebook,Valorant,DOTA 2,APEX Legends,2019-02-05,https://www.facebook.com/gaming/Gkgaming09,2019
Niño Cosme,male,-1,Philippines,69,Facebook,Valorant,DOTA 2,Devil May Cry 5,2021-02-16,https://www.facebook.com/gaming/whatsupnins,2021
Banorant Gaming,female,-1,Philippines,215,Facebook,Valorant,none,none,2021-04-30,https://www.facebook.com/gaming/banorantgamers,2021
Jase,male,-1,Philippines,290,Facebook,Valorant,none,none,2021-03-22,https://www.facebook.com/gaming/Duavyy,2021
REKT,male,-1,Philippines,141,Facebook,Valorant,none,none,2021-04-14,https://www.facebook.com/gaming/rektyarn,2021
K U E G E R,male,-1,Philippines,14,Facebook,Valorant,none,none,2021-02-28,https://www.facebook.com/gaming/K-U-E-G-E-R-109912697592640/,2021
Denz Gaming,male,-1,Philippines,216,Facebook,Valorant,Control,Legue of Legends,2021-08-22,https://www.facebook.com/gaming/Dfrondz3/,2021
GoodyGoods,male,-1,Philippines,908,Facebook,Valorant,DOTA 2,Phasmophobia,2019-01-08,https://www.facebook.com/gaming/GoodyGoodsGaming/,2019
Jessievash,male,-1,Philippines,22114,Facebook,Valorant,Roblox,DOTA 2,2014-04-18,https://www.facebook.com/JessieVashCuyco/,2014
Mutya,female,-1,Philippines,154731,Facebook,Valorant,PUBG ,none,2019-06-27,https://www.facebook.com/mutyaFPS/?ref=page_internal,2019
Narpim,male,-1,Philippines,71031,Facebook,Valorant,PUBG ,Warzone,2019-03-26,https://www.facebook.com/NarpimTV/?ref=page_internal,2019
2Staxx,male,-1,Philippines,262000,Facebook,League of Legends,Valorant,Wildrift,2017-02-10,https://www.facebook.com/2Staxx,2017
Maggiekarp,female,-1,Philippines,180132,Facebook,Valorant,League of Legends,Apex,2019-01-17,https://www.facebook.com/Magukarp/?ref=page_internal,2019
Anne B. Mateo,female,28,Philippines,5400000,Facebook,Warzone,Valorant,PUBG,2017-04-26,https://www.facebook.com/annbmateo,2017
ABATMAN,male,-1,Philippines,33144,Facebook,Valorant,Warzone,none,2020-05-13,https://www.facebook.com/ABATMANfps,2020
Supermj,male,19,Philippines,17707,Facebook,Valorant,CS:GO,League of Legends,2020-05-03,https://www.facebook.com/SuperMJfps,2020
Een Mercado,female,-1,Philippines,414059,Facebook,Valorant,Mobile Legends,League of Legends,2016-07-22,https://www.facebook.com/eenmercado,2016
Apupeng Gaming,female,21,Philippines,79,Facebook,Valorant,none,none,2020-09-30,https://www.facebook.com/apupenggaming/?ref=page_internal,2020
Alodia Gosiengfiao,female,33,Philippines,7491615,Facebook,Valorant,Warzone,League of Legends,2018-03-14,https://www.facebook.com/AlodiaGosiengfiao/?ref=page_internal,2018
Biancake,female,23,Philippines,2445467,Facebook,DOTA 2,League of Legends,Wildrift,2017-04-23,https://www.facebook.com/BiancakeGaming/?ref=page_internal,2017
Renejay,male,17,Philippines,3600000,Facebook,Mobile Legends,none,none,2019-07-30,https://www.facebook.com/Renejayofficial,2019
Yawi Esports,male,-1,Philippines,2000000,Facebook,Mobile Legends,none,none,2020-04-14,https://www.facebook.com/yawiesports,2020
H2WO,male,20,Philippines,2542181,Facebook,Mobile Legends,none,none,2019-08-12,https://www.facebook.com/H2woOfficial,2019
GHOST Wrecker,male,-1,Philippines,4792591,Facebook,Mobile Legends,Rules of Survival,none,2018-08-10,https://www.facebook.com/ghostwrecker28,2018
Nanay Gaming,female,46,Philippines,776000,Facebook,Mobile Legends,none,none,2020-06-07,https://www.facebook.com/nanaygamingtv,2020
Ghost Diablo,male,20,Philippines,53017,Facebook,Valorant,Rules of Surivival,none,2019-08-26,https://www.facebook.com/Gdiablogaming,2019
ChooxTv,male,30,Philippines,9900000,Facebook,Mobile Legends,none,none,2017-08-19,https://www.facebook.com/CHoOxTV,2017
Kafi,female,-1,Philippines,7727,Facebook,Valorant,It Takes Two,none,2021-01-07,https://www.facebook.com/heyitskafi,2021
Shirkeybars,female,-1,Philippines,43041,Facebook,Valorant,Mobile Legends,none,2020-06-20,https://www.facebook.com/watch/shirkeybars/,2020
Basic Gaming,male,-1,Philippines,646924,Facebook,Mobile Legends,Valorant,none,2020-01-02,https://www.facebook.com/OfficialBasic/,2020
Kaysee Gregorio,female,-1,Philippines,770151,Facebook,Valorant,Mobile Legends,none,2021-02-18,https://www.facebook.com/itskaysee/,2021
HerbertwY,male,-1,Philippines,21837,Facebook,Valorant,Fall Guys,CS:GO,2019-03-29,https://www.facebook.com/HerbertwY/,2019
Buunja,female,-1,Philippines,924504,Facebook,Wildrift,Valorant,League of Legends,2018-09-14,https://www.facebook.com/Buunja/,2018
Nuts about Gaming,female,-1,Philippines,87160,Facebook,Valorant,Warzone,PUBG,2018-04-14,https://www.facebook.com/NutsAboutGaming,2018
GianSanity,male,-1,Philippines,132971,Facebook,Valorant,Apex,none,2019-02-23,https://www.facebook.com/watch/GianSanityFPS/,2019
Christine Samson,female,-1,Philippines,2039520,Facebook,Call of Duty: Mobile,none,none,2019-07-24,https://www.facebook.com/christinesamsonn,2019
Aeriel Ann Garcia,female,21,Philippines,413362,Facebook,PUBG,none,none,2018-05-25,https://www.facebook.com/aerielgrcia/,2018
Mika Daime,female,-1,Philippines,189237,Facebook,Valorant,League of Legends,none,2016-01-19,https://www.facebook.com/DaimeMika/,2016
SketcyWolf,male,-1,Philippines,44605,Facebook,Valorant,PUBG,CS:GO,2018-10-30,https://www.facebook.com/SketchyWolf-295428434607585,2018
Occidere Gaming,male,-1,Philippines,2752,Facebook,Valorant,Pacify,none,2020-06-24,https://www.facebook.com/OccidereGaming/,2020
Thug Gaming PH,male,-1,Philippines,22786,Facebook,Valorant,Rules  of Survial,none,2018-04-29,https://www.facebook.com/thuggamingph/,2018
Chammie,female,-1,Philippines,12093,Facebook,Valorant,none,none,2020-10-04,https://www.facebook.com/Sammiecham/,2020
Yohannade,female,-1,Philippines,207,Facebook,Valorant,none,none,2020-12-25,https://www.facebook.com/yohannadeee/,2020
GenjiPewpew,male,-1,Philippines,326,Facebook,Valorant,Grand Chase,League of Legends,2020-09-14,https://www.facebook.com/gijenlive/,2020
Potparis,female,-1,Philippines,1691,Facebook,Valorant,League of Legends,none,2020-09-26,https://www.facebook.com/PotpotParis/,2020
KOGChaos gaming,male,-1,Philippines,7152,Facebook,Valorant,Genshin Impact,Fall Guys,2020-09-11,https://www.facebook.com/KOGChaosPH/,2020
Godrilla Squad,male,-1,Philippines,667,Facebook,Valorant,League of Legends,Grand Chase ,2020-02-14,https://www.facebook.com/godrillasquad/,2020
JNSEN,male,-1,Philippines,291,Facebook,Valorant,DOTA 2,none,2020-08-26,https://www.facebook.com/Jansenity/,2020
s1nx,male,-1,Philippines,669,Facebook,Valorant,League of Legends,Genshin Impact,2020-08-29,https://www.facebook.com/itsS1NX/,2020
Ardeeyar,male,-1,Philippines,372,Facebook,Valorant,Resident Evil 2 Remake,none,2020-11-30,https://www.facebook.com/ardeeyar/,2020
Lueur,female,-1,Philippines,36726,Facebook,Valorant,League of Legends,none,2019-07-24,https://www.facebook.com/lueurlolph/,2019
Ghost Gaming ,male,-1,Philippines,769,Facebook,Valorant,Mobile Legends,DOTA 2,2020-06-12,https://www.facebook.com/ghostggph/,2020
Cute Potato Gaming,female,22,Philippines,5705,Facebook,Valorant,League of Legends,none,2020-07-31,https://www.facebook.com/CutePotatorere/,2020
Kristel Millado,female,-1,Philippines,2165205,Facebook,Call of Duty: Mobile,Mobile Legends,Rules of Survival,2019-02-13,https://www.facebook.com/kristelmillado24/,2019
Jacques Gaming ,male,-1,Philippines,547,Facebook,League of Legends,Valorant,GTA V,2020-10-05,https://www.facebook.com/JacquesGaming09/,2020
Annie_Chaaan,female,-1,Philippines,12464,Facebook,Valorant,League of Legends,Fortnite,2018-05-30,https://www.facebook.com/Anniebchaaan/,2018
MC Gaming,male,-1,Singapore,4485,Facebook,Valorant,Fortnite,none,2020-07-25,https://www.facebook.com/MC-Gaming-980182042016525/,2020
Venzee,male,-1,Philippines,929,Facebook,Valorant,none,none,2020-10-06,https://www.facebook.com/venzeeFPS/,2020
Glocogaming,male,-1,Philippines,573591,Facebook,Valorant,Genshin Impact,Sea of Thieves,2017-07-26,https://www.facebook.com/GLOCOgaming,2017
Vanilla,male,-1,Philippines,8200,Twitch,Minecraft,Valorant,Fortnite,2021-02-28,https://www.twitch.tv/vanilla/videos?filter=archives&sort=time,2021
rojeanviel,female,-1,Philippines,2800,Twitch,Valorant,Overcooked 2,Scribble,2021-04-13,https://www.twitch.tv/rojeanviel,2021
sillykonpeito,female,-1,Philippines,10888,Facebook,Mobile Legends,League of Legends,Stardew Valley,2019-01-27,https://www.facebook.com/sillykonpeito,2019
Enviosity,male,-1,US,277000,Twitch,Genshin Impact,none,none,2020-07-23,https://www.twitch.tv/Enviosity,2020
Tectone,male,-1,Canada,295000,Twitch,Genshin Impact,none,none,2016-07-04,https://www.twitch.tv/tectone,2016
Tuner,male,-1,US,32000,Twitch,Genshin Impact,Monster Hunter,none,2020-11-07,Twitch.TV/Tuner,2020
AsianGuyStream,male,-1,UK,76900,Twitch,Genshin Impact,none,none,2020-10-12,https://www.twitch.tv/asianguygenshin,2020
OkCode,male,-1,UK,82300,Twitch,Genshin Impact,none,none,2019-12-18,https://www.twitch.tv/okcode,2019
mishyshen,female,-1,unavailable,1800,Twitch,Genshin Impact,none,none,2021-04-09,https://www.twitch.tv/mishyshen,2021
Xlice,male,-1,US,72700,Twitch,Genshin Impact,none,none,2017-07-28,https://www.twitch.tv/xlice,2017
SirBlindz,male,-1,US,2600,Twitch,Genshin Impact,none,none,2021-02-12,https://www.twitch.tv/SirBlindz,2021
zcosy,female,-1,Australia,24600,Twitch,Genshin Impact,none,none,2021-03-06,https://www.twitch.tv/zcosy,2021
Jelledot,male,-1,unavailable,14500,Twitch,Genshin Impact,none,none,2017-05-07,https://www.twitch.tv/jelledot,2017
KiLimePie,male,-1,US,12600,Twitch,Genshin Impact,none,none,2020-08-18,https://www.twitch.tv/KiLimePie,2020
itsKaystar,female,-1,Canada,6200,Twitch,Genshin Impact,none,none,2021-03-06,https://www.twitch.tv/itskaystar,2021
Zajef77,male,-1,unavailable,2100,Twitch,Genshin Impact,none,none,2021-04-21,https://www.twitch.tv/zajef77,2021
charlized,female,-1,New Zealand,1800,Twitch,Genshin Impact,none,none,2021-04-18,https://www.twitch.tv/charlized,2021
lanceletsgo,male,-1,US,3300,Twitch,Genshin Impact,Animal Crossing,none,2020-06-07,https://www.twitch.tv/lanceletsgo,2020
MaryMaybe,female,-1,US,115000,Twitch,Genshin Impact,League of Legends,none,2018-04-15,https://www.twitch.tv/MaryMaybe,2018
Chantilly_cake,female,-1,US,1900,Twitch,Genshin Impact,none,none,2021-04-21,https://www.twitch.tv/Chantilly_cake,2021
lerritay,female,-1,Russia,1900,Twitch,Genshin Impact,none,none,2021-03-06,https://www.twitch.tv/lerritay,2021
AaronHongry,male,-1,unavailable,756,Twitch,Genshin Impact,none,none,2021-05-01,https://www.twitch.tv/AaronHongry,2021
official_gizza,male,-1,Italy,7700,Twitch,Genshin Impact,none,none,2021-03-06,https://www.twitch.tv/official_gizza,2021
keinpart2,male,-1,Germany,22300,Twitch,Genshin Impact,none,none,2021-03-08,https://www.twitch.tv/keinpart2,2021
AfyChan,female,-1,Spain,14100,Twitch,Genshin Impact,none,none,2021-03-20,https://www.twitch.tv/AfyChan,2021
"PopTartChilde
",male,-1,unavailable,3300,Twitch,Genshin Impact,none,none,2021-03-16,https://www.twitch.tv/PopTartChilde,2021
NatsumeReicko,female,-1,Russia,3900,Twitch,Genshin Impact,none,none,2021-03-08,https://www.twitch.tv/NatsumeReicko,2021
SultaiGaming,male,-1,Philippines,379,Twitch,Genshin Impact,none,none,2021-04-21,https://www.twitch.tv/SultaiGaming,2021
AsPigTV,male,-1,France,1400,Twitch,Genshin Impact,Sims,none,2021-03-06,https://www.twitch.tv/AsPigTV,2021
Xzero,male,-1,US,25200,Twitch,Genshin Impact,none,none,2021-01-03,https://www.twitch.tv/Xzero,2021
phillysky,female,-1,US,600,Twitch,Genshin Impact,none,none,2021-01-25,https://www.twitch.tv/phillysky,2021
uniderp,male,-1,Portugal,513,Twitch,Genshin Impact,none,none,2021-04-21,https://www.twitch.tv/uniderp,2021
ShinoriRoad,male,-1,unavailable,1400,Twitch,Genshin Impact,none,none,2021-03-06,https://www.twitch.tv/ShinoriRoad,2021
inouekyoumi,male,-1,unavailable,2700,Twitch,Genshin Impact,none,none,2021-04-21,https://www.twitch.tv/inouekyoumi,2021
VadrisEtShiny,male,-1,France,6700,Twitch,Genshin Impact,none,none,2021-01-16,https://www.twitch.tv/VadrisEtShiny,2021
LhokarTV,male,-1,India,3900,Twitch,Genshin Impact,none,none,2021-03-06,https://www.twitch.tv/LhokarTV,2021
FractalFlow,male,-1,unavailable,462,Twitch,Genshin Impact,none,none,2020-09-21,https://www.twitch.tv/FractalFlow,2020
Dimi_V_Gaming,male,-1,Belgium,2200,Twitch,Genshin Impact,none,none,2020-01-13,https://www.twitch.tv/Dimi_V_Gaming,2020
trtl3_,male,-1,Philippines,248,Twitch,Genshin Impact,none,none,2021-04-22,https://www.twitch.tv/trtl3_,2021
kazado17,male,-1,France,2100,Twitch,Genshin Impact,none,none,2021-04-12,https://www.twitch.tv/kazado17,2021
Esmunky,male,-1,Spain,1600,Twitch,Genshin Impact,none,none,2021-04-21,https://www.twitch.tv/Esmunky,2021
KaptanToygun,male,-1,Turkey,30000,Twitch,Genshin Impact,Valorant,none,2021-01-20,https://www.twitch.tv/KaptanToygun,2021
iNEXXXUS,male,-1,Australia,365,Twitch,Genshin Impact,none,none,2020-09-11,https://www.twitch.tv/iNEXXXUS,2020
DoombringEX,male,-1,Canada,1800,Twitch,Genshin Impact,Teamfight Tactics,none,2021-12-20,https://www.twitch.tv/DoombringEX,2021
CaptHokage,male,-1,unavailable,7000,Twitch,Genshin Impact,none,none,2021-03-06,https://www.twitch.tv/CaptHokage,2021
TheNytez,male,-1,Canada,570,Twitch,Genshin Impact,none,none,2020-12-21,https://www.twitch.tv/TheNytez,2020
Blurdesu,female,-1,Turkey,522,Twitch,Genshin Impact,none,none,2021-05-02,https://www.twitch.tv/Blurdesu,2021
Arexink,male,-1,France,701,Twitch,Genshin Impact,none,none,2021-01-08,https://www.twitch.tv/Arexink,2021
TheGambitSG,male,-1,Singapore,1100,Twitch,Genshin Impact,none,none,2021-04-29,https://www.twitch.tv/TheGambitSG,2021
Anhthu,female,-1,US,7100,Twitch,Genshin Impact,none,none,2020-10-25,https://www.twitch.tv/Anhthu,2020
Kristine Santamena,female,-1,Philippines,2494011,Facebook,Mobile Legends,none,none,2011-05-30,https://www.facebook.com/KristineSantamenaPage,2011
Megan Young,female,-1,unavailable,4200000,Facebook,Among Us,Wild Rift,none,2010-06-21,https://www.facebook.com/MeganYoungPage,2010
Dexie Diaz,female,-1,Philippines,6000000,Facebook,APEX Legends,Mobile Legends,Wild Rift,2018-11-14,https://www.facebook.com/DexienessDiaz,2018
Sheila Snow,female,-1,Philippines,1007239,Facebook,Valorant,Among Us,Mobile Legends,2014-06-29,https://www.facebook.com/iamSheilaSnow/,2014
Van Holiday,male,-1,Philippines,122241,Facebook,Grand Theft Auto V,none,none,2018-02-16,https://www.facebook.com/vanholidaygaming/,2018
Coach BYB,male,-1,Philippines,176193,Facebook,DOTA 2,none,none,2017-07-14,https://www.facebook.com/CoachByb,2017
Omz.com,male,-1,Philippines,165857,Facebook,Valorant,none,none,2018-04-14,https://www.facebook.com/itsmeomz,2018
ZeDelicious,male,-1,Philippines,371340,Facebook,Genshin Impact,Mobile Legends,none,2017-01-21,https://www.facebook.com/zedelish,2017
Grappler Daddy,male,-1,Philippines,141213,Facebook,Valorant,none,none,2018-06-01,https://www.facebook.com/GrapplerDaddy,2018
Aya Ezmaria,female,-1,Philippines,135000,Facebook,Resident Evil Village,Call of Duty: Mobile,none,2014-10-21,https://www.facebook.com/ayaezmaria,2014
Suzzysaur,female,-1,Philippines,298467,Facebook,Valorant,Wild Rift,League of Legends,2015-06-17,https://www.facebook.com/suzzysaur/,2015
Weigibbor Labos,male,-1,Philippines,656000,Facebook,Mobile Legends,none,none,2015-10-15,https://www.facebook.com/weigibborlabos,2015
YuriGaming,female,-1,Philippines,1019676,Facebook,Mobile Legends,none,none,2020-02-15,https://www.facebook.com/YuriGamiing,2020
Dota Circle,male,-1,Philippines,1200000,Facebook,Grand Theft Auto V,Mobile Legends,none,2015-12-06,https://www.facebook.com/dotacircle,2015
Inzaiplays Esports,male,-1,Philippines,1000000,Facebook,Mobile Legends,none,none,2018-01-15,https://www.facebook.com/InzaiplayseSports,2018
Akosi Dogie,male,-1,Philippines,6854756,Facebook,Mobile Legends,none,none,2017-07-03,https://www.facebook.com/AkoSiDogie,2017
BLinK Gaming,male,-1,unavailable,397932,Facebook,Call of Duty: Mobile,none,none,2018-01-21,https://www.facebook.com/TFsBLinK/,2018
Z4pnu,male,-1,unavailable,2673633,Facebook,Mobile Legends,none,none,2017-10-11,https://www.facebook.com/z4pnu/,2017
Riku PH,female,-1,Philippines,245000,Facebook,Wild Rift,none,none,2014-11-13,https://www.facebook.com/RikuPH,2014
Rain Zerlyn,female,-1,unavailable,161000,Facebook,DOTA 2,Valorant,none,2018-04-01,https://www.facebook.com/statsgirlrain,2018
Le Josette,female,-1,unavailable,239374,Facebook,Mobile Legends,Valorant,none,2016-09-26,https://www.facebook.com/josetteswanbaby/,2016
Jia Dee,female,-1,unavailable,6838,Facebook,Hearthstone,none,none,2019-11-15,https://www.facebook.com/JiaDeeGaming/,2019
Tingmats,male,-1,unavailable,14081,Facebook,Valorant,PUBG,none,2019-06-15,https://www.facebook.com/tingmatsgaming/,2019
krisrey,female,-1,Philippines,23814,Twitch,Valorant,Raid: Shadow Legends,Minecraft,2015-04-27,https://www.twitch.tv/krisrey,2015
jollymcdo,male,-1,Philippines,12019,Twitch,Valorant,Escape from Tarkov,Grand Theft Auto V,2016-05-24,https://www.twitch.tv/jollymcdo,2016
Ichiiiiii,male,-1,unavailable,1539,Twitch,Stream Raiders,Fall Guys,Witcher 3: Wild Hunt,2013-09-05,https://www.twitch.tv/ichiiiiii,2013
PlayWithBlaire,male,-1,Philippines,1985,Twitch,Valorant,League of Legends,Final Fantasy XIV Online,2019-07-28,https://www.twitch.tv/playwithblaire,2019
Sabiniani,female,-1,unavailable,1951,Twitch,Rainbow Six Siege,PUBG,Fortnite,2015-04-08,https://www.twitch.tv/sabiniani,2015
clhope,male,-1,unavailable,1049,Twitch,Valorant,Genshin Impact,Minecraft,2018-05-24,https://www.twitch.tv/clhope,2018
Laicaverse,female,-1,unavailable,5064,Twitch,Grand Theft Auto V,Valorant,APEX Legends,2017-10-24,https://www.twitch.tv/laicaverse,2017
Raeyei,female,-1,unavailable,121028,Twitch,DOTA 2,Dota Underlords,Valorant,2016-09-14,https://www.twitch.tv/raeyei,2016
RamenStyle,male,-1,unavailable,11140,Twitch,Escape From Tarkov,PUBG,CS:GO,2014-08-15,https://www.twitch.tv/ramenstyle,2014
nukella,female,-1,Philippines,7139,Twitch,League of Legends,Valorant,none,2017-03-09,https://www.twitch.tv/nukella,2017
xxsilverspades,female,-1,unavailable,5519,Twitch,Valorant,PUBG,Rainbow Six Siege,2017-12-07,https://www.twitch.tv/xxsilverspades,2017
seika,female,-1,unavailable,9296,Twitch,Final Fantasy XIV Online,DOTA 2,Genshin Impact,2014-02-24,https://www.twitch.tv/seika,2014
asahinatv,female,-1,unavailable,5873,Twitch,Tekken 7,DOTA 2,Valorant,2016-03-30,https://www.twitch.tv/asahinatv,2016
erineeman,male,-1,unavailable,7064,Twitch,DOTA 2,FF7 Remake,God of War,2014-08-30,https://www.twitch.tv/erineeman,2014
JeevesDotaTV,male,-1,unavailable,25985,Twitch,DOTA 2,Dawn of Man,XCOM 2: War of the Chosen,2016-02-13,https://www.twitch.tv/jeevesdotatv,2016
iceiceice,male,-1,unavailable,211707,Twitch,DOTA 2,PUBG,Magic The Gathering,2012-07-06,https://www.twitch.tv/iceiceice,2012
ShuFayeWong,female,-1,unavailable,18972,Twitch,DOTA 2,Valorant,Dota Underlords,2016-08-23,https://www.twitch.tv/shufayewong,2016
Iconiq,male,-1,unavailable,2130,Twitch,League of Legends,PUBG,APEX Legends,2016-03-23,https://www.twitch.tv/iconiq,2016
Ashlili,female,-1,unavailable,43709,Twitch,PUBG,League of Legends,Valorant,2015-02-01,https://www.twitch.tv/ashlili,2015
DisbeArex,female,-1,unavailable,138516,Twitch,Grand Theft Auto V,DayZ,Red Dead Redemption 2,2014-12-24,https://www.twitch.tv/disbearex,2014
Miyukito,female,-1,unavailable,10619,Twitch,PUBG,DOTA 2,World of Warcraft,2014-05-14,https://www.twitch.tv/miyukito,2014
Crescentine,female,-1,France,11029,Twitch,Conqueror's Blade,none,none,2017-11-12,https://www.twitch.tv/crescentine,2017
MrGi0,male,-1,unavailable,4621,Twitch,Ragnarok Online,PUBG,Fortnite,2017-06-04,https://www.twitch.tv/mrgi0,2017
TheAsuraiGaming,male,-1,unavailable,3804,Twitch,Valorant,Fortnite,PUBG,2016-02-01,https://www.twitch.tv/theasuraigaming,2016
MEKABEAR,female,-1,unavailable,114621,Twitch,Grand Theft Auto V,World of Warcraft,Dark Souls III,2017-05-03,https://www.twitch.tv/mekabear,2017
SunBaconRelaxer,male,-1,unavailable,65215,Twitch,Hearthstone,League of Legends,PUBG,2015-01-07,https://www.twitch.tv/sunbaconrelaxer,2015
Otzdarva,male,-1,Spain,458209,Twitch,Dead by Daylight,Dark Souls II,PUBG,2014-04-29,https://www.twitch.tv/otzdarva,2014
HolyRequiem,male,22,Philippines,205,Facebook,Valorant,none,none,2020-09-25,https://www.facebook.com/HolyRequiemPlaysGames,2020
Zypheros,male,-1,Philippines,562,Facebook,Valorant,Genshin Impact,League of Legends,2019-12-16,https://www.facebook.com/zypheros.gg,2019
Domoreooo,male,22,Philippines,393,Facebook,Monster Hunter,Minecraft,Valorant,2019-02-24,https://www.facebook.com/domoreooo,2019
Tachee_Gaming,male,-1,Philippines,206,Facebook,League of Legends,Bloons TD,APEX Legends,2019-04-11,https://www.facebook.com/tacheekomaplays,2019
Brixsanity,male,22,Philippines,380,Facebook,Mobile Legends,Legends of Runeterra,none,2020-05-07,https://www.facebook.com/BrixsanityLoR/,2020
John Miller,male,-1,Philippines,143,Facebook,Valorant,Counter Strike: Global Offensive,none,2020-07-30,https://www.facebook.com/funnykeh.page,2020
Matteo,male,22,Philippines,272,Facebook,Valorant,none,none,2021-03-23,https://www.facebook.com/Matteo2k,2021
Mandyrigma,male,-1,Philippines,300,Facebook,DOTA 2,Fortnite,Rules of Survival,2020-01-14,https://www.facebook.com/mandyrigmaaaa,2020
Loon33y Gaming,male,-1,Philippines,198,Facebook,Mobile Legends,none,none,2021-02-01,https://www.facebook.com/Loon33yy,2021
Bossaboss Plays,male,-1,Philippines,415,Facebook,Mobile Legends,Valorant,none,2020-02-08,https://www.facebook.com/SharpEyeplays,2020
BiGen Gaming,male,-1,Philippines,70,Facebook,League of Legends: Wild Rift,none,none,2020-07-20,https://www.facebook.com/BiGen-Gaming-111357997325610,2020
Zen,male,-1,Philippines,314,Facebook,Valorant,League of Legends,none,2020-08-22,https://www.facebook.com/watchzenplay/,2020
Euriece,male,-1,Philippines,434,Facebook,APEX Legends,none,none,2019-08-28,https://www.facebook.com/Euriece,2019
Keev,male,-1,Philippines,128,Facebook,APEX Legends,none,none,2019-07-30,https://www.facebook.com/KeevPH,2019
Lord Abaddon,male,-1,Philippines,506,Facebook,Minecraft,Valorant,League of Legends,2020-06-06,https://www.facebook.com/TheRealLordAbaddon,2020
RalphJay100,male,-1,Philippines,513,Facebook,Valorant,Call of Duty: Warzone,none,2020-07-06,https://www.facebook.com/Ralphjay100Gaming,2020
K4NGI,male,-1,Philippines,611,Facebook,Call of Duty: Warzone,none,none,2019-11-05,https://www.facebook.com/K4NGI,2019
Darz,male,-1,Philippines,394,Facebook,Mobile Legends,Call of Duty: Mobile,none,2020-07-16,https://www.facebook.com/darzkiegaming,2020
Wam Pip Ti Gaming,male,-1,Philippines,1186,Facebook,Mobile Legends,Call of Duty: Mobile,none,2020-07-13,https://www.facebook.com/www.wampiptigaming,2020
Ako Si Natoy Tv,male,-1,Philippines,1013,Facebook,Mobile Legends,none,none,2020-07-21,https://www.facebook.com/Ako-Si-Natoy-Tv-107409631057834,2020
Raflesia Gaming,male,-1,Indonesia,954,Facebook,Mobile Legends,none,none,2020-04-19,https://www.facebook.com/rizkysilarahman,2020
N O C T I S,male,-1,Philippines,365,Facebook,Ragnarok Online,none,none,2019-09-27,https://www.facebook.com/NOCTIS30,2019
Arlybee Gaming,female,-1,Philippines,232,Facebook,Mobile Legends,none,none,2020-09-26,https://www.facebook.com/arlybeegaming,2020
Bastanyel Gaming,male,-1,Philippines,112,Facebook,Call of Duty: Mobile,none,none,2020-07-01,https://www.facebook.com/BastyanelGaming,2020
Ousama Gaming,male,-1,Philippines,146,Facebook,Valorant,Mobile Legends,League of Legends,2020-08-03,https://www.facebook.com/Ousama-Gaming-594181264588690,2020
Gercoco Gaming,male,-1,Philippines,755,Facebook,Valorant,Mobile Legends,NBA2k20,2021-01-11,https://www.facebook.com/GercocoLumber,2021
Yaxie Ch.,female,-1,Philippines,63816,Facebook,Minecraft,Valheim,Valorant,2020-11-03,https://www.facebook.com/YaxieLotte/,2020
Ywuria,female,-1,Philippines,2400,Facebook,Minecraft,Phasmophobia,Among Us,2020-09-22,https://www.facebook.com/Ywuria/videos/?ref=page_internal,2020
Tonkatzoe,female,-1,Philippines,5537,Facebook,Valorant,PUBG Mobile,Little Nightmares,2020-11-02,https://www.facebook.com/TnktZoe,2020
Anneru Nekogami Ch.,female,-1,Philippines,1939,Facebook,Valorant,Genshin Impact,Phasmophobia,2020-08-18,https://www.facebook.com/annerunekogami/,2020
Ebisu Inari,female,-1,Philippines,1159,Facebook,Genshin Impact,Stardew Valley,Giraffe and Annika,2020-06-14,https://www.facebook.com/EbisuInariPH/,2020
イズミch.,male,-1,Philippines,594,Facebook,Among Us,Toram Online,Five Nights at Freddy's 2,2020-05-04,https://www.facebook.com/IzumiChanneru,2020
Pao-san,male,-1,Philippines,688,Facebook,League of Legends,Among Us,Night in the Woods,2020-12-03,https://www.facebook.com/Paosan23,2020
Ulo mo Lumpia,male,-1,Philippines,762,Facebook,Valorant,League of Legends,Devil May Cry 5,2019-10-12,https://www.facebook.com/LumpiaEmpire,2019
Coral • Greenkimochii,female,-1,Philippines,10592,Facebook,The Legend of Heroes: Trails of Cold Steel,PUBG Mobile,Euro Truck Simulator,2015-08-22,https://www.facebook.com/greenkimochii/,2015
Rion_Akahoshi,female,-1,Philippines,409,Twitch,Raft,Left 4 Dead 2,VRChat,2020-10-10,https://www.twitch.tv/rion_akahoshi,2020
shiori_p0n,female,-1,Philippines,1900,Twitch,Minecraft,Valorant,The Legend of Zelda: Breath of the Wild,2020-09-24,https://www.twitch.tv/shiori_p0n,2020
Angelo Vtuber,male,-1,Philippines,894,Facebook,Five Nights at Freddy's 2,none,none,2020-12-24,https://www.facebook.com/angelovtuber/,2020
Chescakees Channel,female,-1,Philippines,1062,Facebook,Call of Duty: Mobile,Skribbl.io,League of Legends: Wild Rift,2020-12-04,https://www.facebook.com/chescakees/,2020
Chicharon Gaming,female,-1,Philippines,2070,Facebook,Call of Duty: Mobile,Mobile Legends,Fall Guys,2020-07-31,https://www.facebook.com/ChicharongBulaklakATBP,2020
Heimdalrr,male,-1,Philippines,773,Facebook,Valorant,League of Legends,none,2020-05-27,https://www.facebook.com/Heimdalrr/,2020
Dotix Gaming,male,-1,Philippines,649,Facebook,Valorant,Among Us,Mobile Legends,2020-06-16,https://www.facebook.com/DotixGaming/,2020
L A Z Y,male,-1,Philippines,577,Facebook,Mobile Legends,none,none,2019-07-27,https://www.facebook.com/LazyGaminGG/,2019
Chiho,female,-1,Philippines,703,Facebook,Valorant,none,none,2020-09-14,https://www.facebook.com/chichioo0/,2020
SUPER ANGRY LOR,male,-1,Philippines,302,Facebook,Valorant,DOTA 2,Among Us,2020-07-06,https://www.facebook.com/SuperAngryLor,2020
ZsigmonyO,male,-1,Philippines,1371,Facebook,Mobile Legends,PUBG Mobile,none,2020-06-05,https://www.facebook.com/ZsigmonyO/,2020
Konnichiwa Gaming,male,-1,Philippines,483,Facebook,Valorant,Fall Guys,DOTA 2,2020-09-30,https://www.facebook.com/KonnichiwaGaming,2020
Larong Tito,male,-1,Philippines,164,Facebook,Mobile Legends,none,none,2020-06-13,https://www.facebook.com/Larong-Tito-107434337678236,2020
FLTCasul,male,-1,unavailable,45,Facebook,Nioh 2,Sekiro,none,2021-02-09,https://www.facebook.com/FLTCasul,2021
XIV,male,-1,Philippines,446,Facebook,Valorant,Among Us,Ragnarok Online,2020-01-23,https://www.facebook.com/XIVGamingPH,2020
RanbooLive,male,-1,United States of America,2804352,Twitch,Minecraft,Slime Rancher,Little Nightmares,2020-09-12,https://www.twitch.tv/ranboolive,2020
